"unique_id","Study","Effect_ID","n_Treat","n_CK","Effect_Size_lnRR","Percent_Change","Variance","Outlier_Reason"
"1_4","1","4",3,3,-0.409784769252681,-33.6206896551724,0.00133825459223267,"IQR-based on yi"
"5_1","5","1",3,3,0.62249421323625,86.3570391872282,0.000173994443752914,"IQR-based on yi"
"5_8","5","8",3,3,0.748541201279895,111.391399119023,0.000173994443752913,"IQR-based on yi"
"7_1","7","1",4,4,-1.22994829072919,-70.7692307692307,0.00133825459223267,"IQR-based on yi"
"7_2","7","2",4,4,-1.53421449119651,-78.4375,0.00133825459223267,"IQR-based on yi"
